checkpoint,routing_branch_scale,layer,mean_routed_l2,mean_scaled_routed_l2_over_residual_l2
Delta-AttnRes,0.0,0,0.6898993253707886,0.0
Delta-AttnRes,0.0,1,0.6762807965278625,0.0
Delta-AttnRes,0.0,2,0.6381843686103821,0.0
Delta-AttnRes,0.0,3,0.852694034576416,0.0
Delta-AttnRes,0.0,4,0.852694034576416,0.0
Delta-AttnRes,0.0,5,0.7014500498771667,0.0
Delta-AttnRes,0.0,6,0.852694034576416,0.0
Delta-AttnRes,0.0,7,0.6737076044082642,0.0
Delta-AttnRes,0.0,8,0.41335850954055786,0.0
Delta-AttnRes,0.0,9,0.4378524422645569,0.0
Delta-AttnRes,0.0,10,0.5006067156791687,0.0
Delta-AttnRes,0.0,11,4.7128071784973145,0.0
Delta-AttnRes,0.0,12,0.5086353421211243,0.0
Delta-AttnRes,0.0,13,0.5530173778533936,0.0
Delta-AttnRes,0.0,14,6.160074710845947,0.0
Delta-AttnRes,0.0,15,12.042275428771973,0.0
Delta-AttnRes,0.0,16,41.364810943603516,0.0
Delta-AttnRes,0.0,17,28.533203125,0.0
Delta-AttnRes,0.0,18,54.96024703979492,0.0
Delta-AttnRes,0.0,19,75.84321594238281,0.0
Delta-AttnRes,0.0,20,80.36814880371094,0.0
Delta-AttnRes,0.0,21,114.10163116455078,0.0
Delta-AttnRes,0.0,22,66.83985900878906,0.0
Delta-AttnRes,0.0,23,35.57052230834961,0.0
Delta-AttnRes,0.0,24,45.59999465942383,0.0
Delta-AttnRes,0.0,25,65.3249282836914,0.0
Delta-AttnRes,0.0,26,28.34064292907715,0.0
Delta-AttnRes,0.0,27,3.1124672889709473,0.0
Delta-AttnRes,0.25,0,0.6898993253707886,0.08762745559215546
Delta-AttnRes,0.25,1,0.6762807965278625,0.006184414029121399
Delta-AttnRes,0.25,2,0.6381843686103821,0.0040528737008571625
Delta-AttnRes,0.25,3,0.852694034576416,0.004440337419509888
Delta-AttnRes,0.25,4,0.852694034576416,0.0038338489830493927
Delta-AttnRes,0.25,5,0.7014500498771667,0.00263204169459641
Delta-AttnRes,0.25,6,0.852694034576416,0.0028004590421915054
Delta-AttnRes,0.25,7,0.6737076640129089,0.0020121228881180286
Delta-AttnRes,0.25,8,0.4133577346801758,0.0011185756884515285
Delta-AttnRes,0.25,9,0.4378529489040375,0.0010722024599090219
Delta-AttnRes,0.25,10,0.49858611822128296,0.0010820780880749226
Delta-AttnRes,0.25,11,4.61253547668457,0.008314899168908596
Delta-AttnRes,0.25,12,0.5086356997489929,0.0008651756797917187
Delta-AttnRes,0.25,13,0.5530151128768921,0.0008827265701256692
Delta-AttnRes,0.25,14,6.130117893218994,0.009333914145827293
Delta-AttnRes,0.25,15,11.95701789855957,0.017621608451008797
Delta-AttnRes,0.25,16,41.481876373291016,0.05306458845734596
Delta-AttnRes,0.25,17,28.510549545288086,0.030651120468974113
Delta-AttnRes,0.25,18,54.960025787353516,0.053127698600292206
Delta-AttnRes,0.25,19,75.9979476928711,0.05947716161608696
Delta-AttnRes,0.25,20,80.48856353759766,0.05168427154421806
Delta-AttnRes,0.25,21,114.51133728027344,0.05928032100200653
Delta-AttnRes,0.25,22,66.86181640625,0.02978932298719883
Delta-AttnRes,0.25,23,35.67696762084961,0.013413861393928528
Delta-AttnRes,0.25,24,45.77773666381836,0.01492325123399496
Delta-AttnRes,0.25,25,65.66999053955078,0.018979793414473534
Delta-AttnRes,0.25,26,28.235393524169922,0.006469051353633404
Delta-AttnRes,0.25,27,3.137289524078369,0.0005128378979861736
Delta-AttnRes,0.5,0,0.6898993253707886,0.17517977952957153
Delta-AttnRes,0.5,1,0.6762807965278625,0.012659957632422447
Delta-AttnRes,0.5,2,0.6381843686103821,0.008265630342066288
Delta-AttnRes,0.5,3,0.852694034576416,0.00902305543422699
Delta-AttnRes,0.5,4,0.852694034576416,0.007763870060443878
Delta-AttnRes,0.5,5,0.7014500498771667,0.00532081164419651
Delta-AttnRes,0.5,6,0.852694034576416,0.005648504011332989
Delta-AttnRes,0.5,7,0.6737077832221985,0.004054987337440252
Delta-AttnRes,0.5,8,0.4133569598197937,0.002252769423648715
Delta-AttnRes,0.5,9,0.4378533363342285,0.002157443668693304
Delta-AttnRes,0.5,10,0.49717119336128235,0.002167472383007407
Delta-AttnRes,0.5,11,4.489439487457275,0.016152216121554375
Delta-AttnRes,0.5,12,0.5086362361907959,0.0017354226438328624
Delta-AttnRes,0.5,13,0.5530115365982056,0.0017697499133646488
Delta-AttnRes,0.5,14,6.037309169769287,0.018419474363327026
Delta-AttnRes,0.5,15,11.725502014160156,0.034619420766830444
Delta-AttnRes,0.5,16,41.22362518310547,0.10558202862739563
Delta-AttnRes,0.5,17,28.332427978515625,0.06075003743171692
Delta-AttnRes,0.5,18,54.53310012817383,0.10501575469970703
Delta-AttnRes,0.5,19,75.53523254394531,0.11744916439056396
Delta-AttnRes,0.5,20,79.9816665649414,0.10173456370830536
Delta-AttnRes,0.5,21,114.0090560913086,0.11686621606349945
Delta-AttnRes,0.5,22,66.43038940429688,0.058545321226119995
Delta-AttnRes,0.5,23,35.61432647705078,0.026496319100260735
Delta-AttnRes,0.5,24,45.631107330322266,0.029427845031023026
Delta-AttnRes,0.5,25,65.60616302490234,0.037560343742370605
Delta-AttnRes,0.5,26,28.100067138671875,0.012751325033605099
Delta-AttnRes,0.5,27,3.1470963954925537,0.0010227904422208667
Delta-AttnRes,0.75,0,0.6898993253707886,0.26302745938301086
Delta-AttnRes,0.75,1,0.6762807965278625,0.019636159762740135
Delta-AttnRes,0.75,2,0.6381843686103821,0.01278110221028328
Delta-AttnRes,0.75,3,0.852694034576416,0.013883833773434162
Delta-AttnRes,0.75,4,0.852694034576416,0.011896412819623947
Delta-AttnRes,0.75,5,0.7014500498771667,0.008130465634167194
Delta-AttnRes,0.75,6,0.852694034576416,0.0086051095277071
Delta-AttnRes,0.75,7,0.673707902431488,0.006168304476886988
Delta-AttnRes,0.75,8,0.4133562445640564,0.003422236070036888
Delta-AttnRes,0.75,9,0.4378534257411957,0.0032732784748077393
Delta-AttnRes,0.75,10,0.4958847761154175,0.0032731997780501842
Delta-AttnRes,0.75,11,4.349582672119141,0.023504335433244705
Delta-AttnRes,0.75,12,0.5086361765861511,0.0026216022670269012
Delta-AttnRes,0.75,13,0.5530071258544922,0.0026717011351138353
Delta-AttnRes,0.75,14,5.9059672355651855,0.02717837132513523
Delta-AttnRes,0.75,15,11.42447566986084,0.05088185518980026
Delta-AttnRes,0.75,16,40.73652648925781,0.15719102323055267
Delta-AttnRes,0.75,17,28.070220947265625,0.0903983935713768
Delta-AttnRes,0.75,18,53.859806060791016,0.155633807182312
Delta-AttnRes,0.75,19,74.68535614013672,0.1737579107284546
Delta-AttnRes,0.75,20,79.09088134765625,0.15012261271476746
Delta-AttnRes,0.75,21,112.94383239746094,0.17265166342258453
Delta-AttnRes,0.75,22,65.71966552734375,0.08626192063093185
Delta-AttnRes,0.75,23,35.42979049682617,0.03925061970949173
Delta-AttnRes,0.75,24,45.28679275512695,0.043458014726638794
Delta-AttnRes,0.75,25,65.25672912597656,0.05566038936376572
Delta-AttnRes,0.75,26,27.937389373779297,0.018867310136556625
Delta-AttnRes,0.75,27,3.1472127437591553,0.001526877167634666
Delta-AttnRes,1.0,0,0.6898993253707886,0.3514600396156311
Delta-AttnRes,1.0,1,0.6762807965278625,0.027256976813077927
Delta-AttnRes,1.0,2,0.6381843686103821,0.017693426460027695
Delta-AttnRes,1.0,3,0.852694034576416,0.019119111821055412
Delta-AttnRes,1.0,4,0.852694034576416,0.01630985736846924
Delta-AttnRes,1.0,5,0.7014500498771667,0.011109521612524986
Delta-AttnRes,1.0,6,0.852694034576416,0.011716285720467567
Delta-AttnRes,1.0,7,0.6737079620361328,0.008381980471313
Delta-AttnRes,1.0,8,0.41335561871528625,0.004641873296350241
Delta-AttnRes,1.0,9,0.43785321712493896,0.004432981368154287
Delta-AttnRes,1.0,10,0.49463149905204773,0.004411083646118641
Delta-AttnRes,1.0,11,4.2008185386657715,0.03039047308266163
Delta-AttnRes,1.0,12,0.5086356997489929,0.003531542606651783
Delta-AttnRes,1.0,13,0.5530030727386475,0.0035961451940238476
Delta-AttnRes,1.0,14,5.747694969177246,0.035560037940740585
Delta-AttnRes,1.0,15,11.07834529876709,0.0663534477353096
Delta-AttnRes,1.0,16,40.08061599731445,0.20764322578907013
Delta-AttnRes,1.0,17,27.745681762695312,0.11965655535459518
Delta-AttnRes,1.0,18,53.00651931762695,0.20494359731674194
Delta-AttnRes,1.0,19,73.55533599853516,0.22826942801475525
Delta-AttnRes,1.0,20,77.90704345703125,0.19677916169166565
Delta-AttnRes,1.0,21,111.42658996582031,0.2264862209558487
Delta-AttnRes,1.0,22,64.80532836914062,0.11292193830013275
Delta-AttnRes,1.0,23,35.14095687866211,0.05165405198931694
Delta-AttnRes,1.0,24,44.77979278564453,0.056958165019750595
Delta-AttnRes,1.0,25,64.6966552734375,0.07322300970554352
Delta-AttnRes,1.0,26,27.754438400268555,0.024830633774399757
Delta-AttnRes,1.0,27,3.1426877975463867,0.002024610759690404
Delta-AttnRes,1.25,0,0.6898993253707886,0.44069117307662964
Delta-AttnRes,1.25,1,0.6762807965278625,0.03563671559095383
Delta-AttnRes,1.25,2,0.6381843686103821,0.023106321692466736
Delta-AttnRes,1.25,3,0.852694034576416,0.02483932487666607
Delta-AttnRes,1.25,4,0.852694034576416,0.021095026284456253
Delta-AttnRes,1.25,5,0.7014500498771667,0.014314261265099049
Delta-AttnRes,1.25,6,0.852694034576416,0.015035300515592098
Delta-AttnRes,1.25,7,0.6737080812454224,0.010730245150625706
Delta-AttnRes,1.25,8,0.4133548438549042,0.00592810707166791
Delta-AttnRes,1.25,9,0.43785277009010315,0.005651227664202452
Delta-AttnRes,1.25,10,0.49357011914253235,0.005596028175204992
Delta-AttnRes,1.25,11,4.049398422241211,0.03687265142798424
Delta-AttnRes,1.25,12,0.5086353421211243,0.004473546985536814
Delta-AttnRes,1.25,13,0.5529981851577759,0.004551261197775602
Delta-AttnRes,1.25,14,5.56886625289917,0.0435427650809288
Delta-AttnRes,1.25,15,10.694725036621094,0.08099181950092316
Delta-AttnRes,1.25,16,39.26430130004883,0.25669509172439575
Delta-AttnRes,1.25,17,27.362747192382812,0.14857268333435059
Delta-AttnRes,1.25,18,51.98866653442383,0.2528369128704071
Delta-AttnRes,1.25,19,72.16152954101562,0.2807530164718628
Delta-AttnRes,1.25,20,76.43962860107422,0.24150697886943817
Delta-AttnRes,1.25,21,109.4629135131836,0.2780377268791199
Delta-AttnRes,1.25,22,63.70064163208008,0.1384529173374176
Delta-AttnRes,1.25,23,34.767269134521484,0.06368144601583481
Delta-AttnRes,1.25,24,44.12610626220703,0.06985119730234146
Delta-AttnRes,1.25,25,63.934391021728516,0.09015487879514694
Delta-AttnRes,1.25,26,27.56146812438965,0.03065863810479641
Delta-AttnRes,1.25,27,3.1344897747039795,0.002515736036002636
Delta-AttnRes,1.5,0,0.6898993253707886,0.5308705568313599
Delta-AttnRes,1.5,1,0.6762807965278625,0.04489583149552345
Delta-AttnRes,1.5,2,0.6381843686103821,0.029151294380426407
Delta-AttnRes,1.5,3,0.852694034576416,0.031208520755171776
Delta-AttnRes,1.5,4,0.852694034576416,0.026394829154014587
Delta-AttnRes,1.5,5,0.7014500498771667,0.01783548854291439
Delta-AttnRes,1.5,6,0.852694034576416,0.018648281693458557
Delta-AttnRes,1.5,7,0.6737082600593567,0.01326808426529169
Delta-AttnRes,1.5,8,0.41335442662239075,0.007307350169867277
Delta-AttnRes,1.5,9,0.4378524720668793,0.00695066200569272
Delta-AttnRes,1.5,10,0.49282172322273254,0.006850238423794508
Delta-AttnRes,1.5,11,3.8978731632232666,0.04303627088665962
Delta-AttnRes,1.5,12,0.5086351037025452,0.005459248553961515
Delta-AttnRes,1.5,13,0.5529929399490356,0.0055480594746768475
Delta-AttnRes,1.5,14,5.361230373382568,0.051003601402044296
Delta-AttnRes,1.5,15,10.261957168579102,0.09462699294090271
Delta-AttnRes,1.5,16,38.263328552246094,0.30389404296875
Delta-AttnRes,1.5,17,26.925079345703125,0.1771976351737976
Delta-AttnRes,1.5,18,50.78213119506836,0.2990509271621704
Delta-AttnRes,1.5,19,70.45928955078125,0.3307174742221832
Delta-AttnRes,1.5,20,74.63227844238281,0.2838195562362671
Delta-AttnRes,1.5,21,106.94622039794922,0.3265972435474396
Delta-AttnRes,1.5,22,62.366546630859375,0.16262876987457275
Delta-AttnRes,1.5,23,34.29228973388672,0.07526332885026932
Delta-AttnRes,1.5,24,43.27899932861328,0.08194863796234131
Delta-AttnRes,1.5,25,62.928619384765625,0.10626105964183807
Delta-AttnRes,1.5,26,27.36005210876465,0.03636405989527702
Delta-AttnRes,1.5,27,3.1247408390045166,0.0030015071388334036
Delta-AttnRes,2.0,0,0.6898993253707886,0.7142342925071716
Delta-AttnRes,2.0,1,0.6762807965278625,0.06611919403076172
Delta-AttnRes,2.0,2,0.6381843686103821,0.04364246875047684
Delta-AttnRes,2.0,3,0.852694034576416,0.0468548908829689
Delta-AttnRes,2.0,4,0.852694034576416,0.039520181715488434
Delta-AttnRes,2.0,5,0.7014500498771667,0.02648632787168026
Delta-AttnRes,2.0,6,0.852694034576416,0.027414048090577126
Delta-AttnRes,2.0,7,0.6737082004547119,0.019339345395565033
Delta-AttnRes,2.0,8,0.41335412859916687,0.010545991361141205
Delta-AttnRes,2.0,9,0.43785157799720764,0.009966179728507996
Delta-AttnRes,2.0,10,0.4927457273006439,0.009736252948641777
Delta-AttnRes,2.0,11,3.5564277172088623,0.05442151054739952
Delta-AttnRes,2.0,12,0.5086347460746765,0.007649372797459364
Delta-AttnRes,2.0,13,0.5529794692993164,0.007751555647701025
Delta-AttnRes,2.0,14,4.7809672355651855,0.06315049529075623
Delta-AttnRes,2.0,15,9.139835357666016,0.11727844923734665
Delta-AttnRes,2.0,16,35.393795013427734,0.3893373906612396
Delta-AttnRes,2.0,17,25.648311614990234,0.2325115203857422
Delta-AttnRes,2.0,18,47.5076789855957,0.38418880105018616
Delta-AttnRes,2.0,19,65.62946319580078,0.419281005859375
Delta-AttnRes,2.0,20,69.35775756835938,0.35737231373786926
Delta-AttnRes,2.0,21,99.22090148925781,0.4089975953102112
Delta-AttnRes,2.0,22,58.61449432373047,0.20528627932071686
Delta-AttnRes,2.0,23,32.977230072021484,0.09687229245901108
Delta-AttnRes,2.0,24,40.67839050292969,0.10251069068908691
Delta-AttnRes,2.0,25,59.967796325683594,0.13513502478599548
Delta-AttnRes,2.0,26,27.099815368652344,0.04789585992693901
Delta-AttnRes,2.0,27,3.1074767112731934,0.003972842823714018
